chroma_stft_mean,chroma_stft_var,rms_mean,rms_var,spectral_centroid_mean,spectral_centroid_var,spectral_bandwidth_mean,spectral_bandwidth_var,rolloff_mean,rolloff_var,zero_crossing_rate_mean,zero_crossing_rate_var,harmony_mean,harmony_var,tempo,mfcc1_mean,mfcc1_var,mfcc2_mean,mfcc2_var,mfcc3_mean,mfcc3_var,mfcc4_mean,mfcc4_var,mfcc5_mean,mfcc5_var,mfcc6_mean,mfcc6_var,mfcc7_mean,mfcc7_var,mfcc8_mean,mfcc8_var,mfcc9_mean,mfcc9_var,mfcc10_mean,mfcc10_var,mfcc11_mean,mfcc11_var,mfcc12_mean,mfcc12_var,mfcc13_mean,mfcc13_var,mfcc14_mean,mfcc14_var,mfcc15_mean,mfcc15_var,mfcc16_mean,mfcc16_var,mfcc17_mean,mfcc17_var,mfcc18_mean,mfcc18_var,mfcc19_mean,mfcc19_var,mfcc20_mean,mfcc20_var,label
-1.176901825501805,3.2319639762507473,-1.7204847298832533,-0.7565410649448471,-1.9118099224166156,0.3371783615065325,-2.6075063195251,1.1434797244668349,-1.9355375506852879,0.12770063581020477,-1.2578917090636634,-1.3233065204904286,0.13541901550094346,-1.029700354591575,0.09479190435743004,-3.5224724526095117,2.7929887983890267,0.865125628657328,8.895883636165387,0.006573046848961931,-0.2329756924590094,-0.6748560353807174,0.8975564061068361,1.081862461963531,-0.740915309968149,-0.9495864304954257,-1.030678820026296,1.8904631200568216,-0.40220453852470944,-1.1512350541284595,-0.7433329902620561,1.9770273148935158,-1.1251131422751994,-0.32216455728466437,-1.5867325887485888,0.3184120674718008,-0.8336762836238931,0.5815231884914682,-0.8745942405721412,1.3028856604305372,-1.399627288981227,0.8369868006005565,-1.1820807808433391,2.4327417232183324,-0.809467197509812,-0.807356899156973,-0.6414290297113909,0.9851035446014,-0.8809557526285942,-0.13168103139123902,-1.106129932172076,0.6413331286061091,-1.247837768589585,1.1190539548141003,-1.1823740562762302,5
-1.5742049459999619,0.5528893112374571,-1.4288802395270133,-0.6990620144024687,-2.1421094127191607,-1.0538158083797569,-2.8063070424959498,-0.8959398738037582,-2.18606951391426,-1.1315080223694916,-1.5575621599569656,-1.6768103370879437,0.01742402110432314,-0.9422027737135347,0.3893795172563153,-2.5236668651983134,-0.7888711208677718,2.5753544875510253,0.8046934399944526,0.4436623843198727,-0.2890848623244208,-1.014129679232395,0.37311107025187645,0.25726819468954587,-0.30104657446521504,-1.874948175452255,-0.14776823596548808,1.2938134623506676,-0.22025981980985254,-1.3432289801990838,1.0541737273183571,2.2855588159985594,1.5152796664962822,0.13718405908638384,0.9205058156059527,0.20716498559036742,0.09366290627230021,0.07297122797884775,-0.25630842798399006,0.5638173615595732,-0.9887440354514969,0.6692416182695221,-0.5997463142341729,3.4172578502116404,-0.058205522816947665,-0.29810355003675043,-0.21937343682556948,0.6985105606107269,-0.37927011061670446,-0.6485927982225651,-0.6760562077128933,0.14416216340917118,-0.9256242236143375,1.7856656287562431,-0.2536524461472404,5
-1.5905021343845684,0.29301830388620403,-1.5084483979564594,-0.7443551564052123,-2.1247259609863227,-1.0717886807970272,-2.8221396158747782,-1.09019206930303,-2.2050204146304844,-1.176359036390285,-1.4741599019372635,-1.5774469199867958,-0.05049732632558453,-0.980024920607909,0.7149763525656101,-2.613210087287242,-0.8430602527960851,2.7700666744677145,0.4948010635858905,0.1928971570340864,-0.6186630233963186,-0.9614741903688699,0.4300804571637636,0.022818921822372603,0.0743024871033135,-1.9721616279998382,0.39260198393814205,1.3868198694769713,-0.20231797592145412,-1.5778552545753324,0.5554247604288451,2.3166819878086575,1.1500308904205379,-0.009635449241384705,0.38131907962741607,-0.16476463701761715,0.7824476293970637,0.036140040719349995,1.4611659292732548,0.3351098133623759,-0.23700309831496894,0.44121923001860147,-0.9071812266971321,3.132337306155578,-0.9190627392312302,-0.4800125101956486,-0.8984335498948264,1.0042122041958848,-0.9455709308929499,-0.6623424130615125,-0.9140937729875885,0.11327498110580683,-0.7986235279827822,1.5325193519918232,-0.3063949856438019,5
-1.466290479679612,0.7443240333706606,-1.5310508819008202,-0.7067867372127151,-2.021522116130899,-1.031880491291166,-2.63979391026395,-0.8358919801913964,-2.061621746676101,-1.015210202233611,-1.4441928568479332,-1.5419292374507074,-0.08975083125485063,-0.9762477961510646,-0.17301501645973807,-2.5687373732610177,-0.744127135851426,2.602988746984614,0.8940211539329808,-0.01706061477351665,-0.38978618772314666,-0.5136592845224699,-0.1733196357469305,0.1340846244227723,-0.30732853921933356,-2.173130759610698,0.38842285088668255,1.294315054410297,0.08210571960805572,-1.8022539509853188,1.0754945682477732,2.2807770161322067,1.8510431110495293,0.015260890390581141,1.0148829475930397,0.06600974973649529,0.4596592388791775,0.27471595244267866,0.5046466572033211,-0.306570510053819,-0.3814490568747149,-0.4694162085273536,-0.6364528581267579,2.9151425196685974,-0.16983639157724428,-0.34107798799093675,-0.5535036525228791,1.0797917669767274,-0.7831333740285168,-0.7908705404827021,-0.7385458112250058,0.22630237107208806,-0.8360435857684739,1.6706224121205058,-0.07786243212580836,5
-1.1442607100672122,1.5659852261057217,-1.0248061526658758,-0.040703143342289305,-1.8623743485888582,-0.9265858305372523,-2.7938493553131933,-0.897699074005713,-2.013426280509213,-1.0653735501451234,-1.0687021713912654,-1.1051485541192805,-0.03677375924911616,-0.5321736264186101,0.7149763525656101,-2.013239241291956,0.3726399679465226,2.5416641712272403,0.48652274087487685,-0.7856085441553378,5.908164840310577,-1.5916678812865048,2.2955988190941743,0.2779361368543231,-0.6116181044244647,-1.769844820618574,-0.35417234880630205,1.3015046365784313,0.9906860924409855,-1.6575789629927744,1.1851654462537737,2.0142020417527493,1.4758065262830906,-0.24419014577114642,0.9147957349980627,-0.03967900197398649,0.4548786672859,0.1562158363016984,0.09431029573270634,-0.19568379166159752,-0.46417826651411104,-1.169033565628209,-0.42826052175800816,2.3288331884320908,-0.6681806360660556,0.19692640507352663,-0.8058569015564518,1.6064237924227232,-0.7657994757507737,-0.31225446375465493,-0.6922691967999076,-0.1548237784777514,-0.5083995544656517,0.9682948303898538,-0.16742772980969456,5
-0.7150796289051164,0.9944601248458688,-1.2473394579113746,-0.4325390262307381,-1.710525922712333,-1.053118911660667,-2.5974565437502015,-1.0536846805098332,-1.7883645389949439,-1.1914605577314739,-0.9268100181369668,-0.9440788875047451,-0.05486577774731265,-0.7832644279111498,-0.41753437894497897,-2.098255222582741,-0.04337388953969165,2.24409299635063,0.4004808919568054,-1.8915497533214205,1.9999573061686886,-1.7475265203954629,1.6702091519089277,1.0370616995635482,-0.25019297831956827,-1.1911648388349902,-0.7755199943256074,2.3757395206323153,-0.6093241758482034,-0.6830000402537708,-0.05695001766149822,2.813180571874496,-0.5280575956656307,0.046315771687248014,-0.6296661069511703,-0.18654600520635334,-0.46352815963434646,0.5651304390570863,-0.8456168242033648,0.20796454967588746,-0.7054731570957384,-0.6089551290089583,-0.6987603686503387,3.499535217214804,-0.6474287322502044,0.49233055909368867,-0.5678977678561665,2.1429616373842117,-0.6130187510414875,0.5423377620228482,-1.17067261205669,-1.36699006635338,-0.9355968195586999,-0.6077571775551518,-0.6574408919407116,5
-0.6896614630008135,2.0626537755421577,-1.2204475789528277,-0.41965153738352945,-1.6420561796566755,-1.01769243115767,-2.618102250590101,-0.782969077806421,-1.7583545471922317,-1.0679150775442616,-0.898648216727717,-0.9123706929552303,-0.03295167764961109,-0.7564571486410332,0.09479190435743004,-2.0661513111078555,0.11221224950007212,1.9997008862834795,1.184322880618901,-1.746061114331247,1.7097691964156425,-2.2651367062554297,0.11691883368377667,0.7333153190536705,-0.16856533446941915,-1.2319742937433527,-0.7611693856353243,2.0963815374519372,-0.876812851612821,-0.7575183307327226,0.34306851494877527,2.646972014647478,-1.0593454782013867,0.4247989848366003,-0.7616350360417861,0.15690081709206136,-0.22865958023345903,0.07027935938586655,-1.3869631065439694,0.33248010302452385,-1.2940403589393152,-0.431259964700344,-1.0894313654714054,3.1281820537160305,-0.8978305277292498,0.6970275624282448,-1.0790446482809075,2.4906960327481444,-1.279376996769693,0.8080140515495527,-1.161994005992809,-1.4943617694210982,-0.6488862008451945,-0.5039990096048402,-0.9156428958933985,5
-0.07071117631382266,1.7000931806142283,-1.3828652189191981,-0.5326902821754378,-1.59839856216463,-1.0421957654256138,-2.4595089038437297,-0.6245198931632527,-1.6488193968129408,-1.0279935761490875,-0.8609186238140422,-0.8700247246974029,0.04132122977034667,-0.8781811177233176,0.3893795172563153,-2.150107317825309,0.302240768357643,2.2553256987984116,2.1773368650616605,-1.7392750032814996,0.954508670629945,-1.7278975845489564,1.38704071653355,0.8825949592811604,-0.5766287431601707,-1.296039920228569,-0.6426006431612773,2.232421635097095,-0.5344931727142259,-0.8428495215722069,0.11304103404439873,2.7661480196668045,-0.7929166618271459,0.23134849276083852,-0.6538157128016875,-0.10168379246967092,-0.4216363413200512,0.37303806542184587,-1.4738488490468604,0.2861508774189836,-1.4183023324953867,-0.3765957118907276,-1.2106477083902627,3.4017467488044564,-0.9750170367382601,0.3646468559540138,-1.0090372701096388,1.8566309943668495,-1.113348976179675,0.45075006284577407,-1.018637041094122,-0.6882533665135858,-1.0218965428604303,0.03551638098759411,-0.8696412597208187,5
-0.7986228023965056,1.3303195389734725,-1.4703254513512396,-0.6383516048781033,-1.8570712601042378,-1.0251148332220577,-2.4706854893272343,-0.5705554442015015,-1.8144154289767174,-1.006451219449317,-1.400325435421986,-1.4901122148774972,-0.008740676789730032,-0.9493901341704373,-0.8478884569190028,-2.360325878086093,0.22292173386800476,2.415092241365029,1.8006847183770673,-1.2615342283715496,1.9217214216995633,-1.077122627471129,3.8291161909590987,0.9626647856839375,-0.7717772809245189,-1.0787049754142564,-0.691619506036235,2.870714327495089,-0.8969211524231654,-0.6673955676295259,0.3163507605714261,2.7607775381651756,-1.0345012775398923,0.26173905033220235,-1.2714672552519863,0.004986649585310764,-0.03674416730685198,0.3707304551741469,-0.754970130704683,0.15205702617619563,-0.9552431279993833,-0.31421217762365977,-0.5557057981950236,3.1409343464003894,-1.4109291342419377,0.11461895869956525,-1.2258916810758578,1.8480787966018801,-1.4559696413342067,-0.3729655080683544,-1.1352261669216899,-1.4934436561533773,-0.5652678841419754,-0.07017961936705798,-0.9629387014622777,5
-1.0018899884247474,1.295094286276539,-0.948195409669322,-0.32816721520039616,-1.758131842465318,-1.0319107610486955,-2.710759592744362,-1.1479385548555192,-1.8728517718537658,-1.2027947123142684,-0.8571276120858737,-0.8657784067319104,0.05984247338537802,-0.546006468390412,0.09479190435743004,-1.6394592459655197,-0.771946150275857,2.629857051807904,-1.0011299212938107,-1.3202143885879916,0.9798677048762843,-1.138545670840642,0.47744419368873725,1.4608926783282725,-1.1623772368967176,-1.173121801240805,-1.0472051129408324,2.299233582263616,-0.6308785031224612,-1.033315595769053,0.8157814585122111,1.994124657135135,-0.8890359863910353,-0.06690450388662506,-1.429502784433681,0.09945885112832677,-1.2927842938774077,0.4788817389156091,-0.8794671966305223,0.3120622466548126,-1.1600377653731564,-1.3807171775792602,-0.722499027678112,1.818875641498969,-0.6584605549138758,-0.8640406134433267,-0.17339010432040167,0.3445622690035193,0.0299608909341575,-1.0776835329077594,-0.6647281665701803,-2.2977597820537587,-0.3595830542805121,-2.4119369451147614,0.03490205966723323,5
-1.092353770704751,0.4970421429384685,-1.147158760936127,-0.604862344628128,-1.9250995005780895,-1.094291841331495,-2.8108505653446754,-1.2491849951954965,-1.9983816935896475,-1.2492106218081298,-1.019780067661094,-1.0493675864113954,0.08657592395348081,-0.7862291136739497,-0.8478884569190028,-1.7671293216832478,-0.7898197792862719,2.9951726025576995,-1.0011946239235494,-1.0569086869190092,0.7454554659460243,-1.721709813897949,-0.4843935141945236,1.4736819667424796,-1.1680510152948147,-0.9922316088772867,-1.340684307858535,2.301802393952082,-1.172082236021792,-0.47030191252738884,-0.7615665049540885,2.5826181677326145,-1.3129136671403343,0.3868509488789396,-1.534240260731206,0.2332788301348786,-0.6005083439647362,0.1616586081862982,-1.0581661586436217,0.24766068647977746,-1.3429482319811763,-1.1359737457030485,-1.0742101814999094,2.438974993586971,-0.7633841151215922,-0.4415987992467358,-0.6126456567692548,0.4156404591417825,-0.8908274470901417,-1.3250321958616023,-1.154931749526446,-2.804260820878166,-0.7581726587022144,-1.5114386740654617,-0.7538270002619158,5
-1.2229704482958519,0.3459737031905472,-1.1746863200473538,-0.5413510944062428,-1.9347111127645256,-1.0645444635612606,-2.6865273535617016,-1.1795161416914548,-1.995214412132897,-1.2029581640358251,-1.1945276558928508,-1.2498076862609406,0.047419480545055535,-0.7984365386570342,0.09479190435743004,-1.9055010052920802,-0.10651320851143102,2.9837835927800356,-0.12686819675861755,-1.1834683469855343,2.4055920314370667,-0.8461823832463857,1.1985774197637484,1.4288566912274339,-0.870882930307323,-1.0581909654889345,-1.0479722014632153,2.497856167507817,-0.4662774709325897,-1.0035860417061566,-1.259808546011397,2.5977199829123427,-0.9733111658683863,0.15581311895066452,-1.0731087383923896,-0.046363995643134426,-0.9627653313707153,0.7145400862125378,-1.2310924519431432,0.4903217295256097,-1.3554612606842573,-0.7123288249274573,-1.4777336940942052,2.07791693022417,-0.7953056352511375,-1.1301359942306555,-0.6455376478533391,0.9280185092574607,-0.3739648529997601,-1.058369154925562,-0.7555045261226904,-2.2295828857287856,-1.2533319231128235,-1.0976269484228762,-0.9689652907830403,5
-0.5308723245604133,0.817177924387992,-1.077831233976127,-0.6680465416528758,-1.9599069958316486,-1.0812505757689432,-2.852478887121588,-1.3361042770692504,-2.05465372747125,-1.247671371723247,-1.035305163309783,-1.0670411647027043,0.06462628275734009,-0.7740045413820121,-0.41753437894497897,-1.6143838233783419,-1.1339885754773245,3.969038847720074,-0.8928145222036533,-1.5031954860439214,-0.3462411786072759,-1.1732855995705433,0.2064542053127812,0.973834022621123,-1.138378812687207,-1.785165378042118,-1.279645030718394,2.1834852157471683,-1.323511055813663,-1.2205342541065693,-0.5274238915003107,2.0437169952402523,-0.4720956044243942,-0.3319657653230337,-0.7985348754031749,-0.22176542291845014,-1.3659474913795375,0.6721463526979197,-1.0973559571364777,0.4955255455751727,-0.6779503314472258,-0.21531852630585954,-1.335356709254583,2.4716825257396824,-1.2358479765268944,-1.1207303128254902,-0.988577495022535,1.2659171104194105,-0.813770834861552,-0.25279955078290095,-0.47580774303839973,-1.5039646143352792,-0.8765218734494324,-0.8719541982151809,-0.9157167278882974,5
0.5007442279933922,1.7998958156003142,-0.8723621131396054,-0.24571686222531045,-1.7561221809321281,-0.8596479764021716,-2.714974030559817,-1.2109920671866752,-1.9116509696989605,-1.083681682071197,-0.9712190126669383,-0.9942551255639084,-0.013694955482787602,-0.5017085343861155,-0.6416771278897831,-1.66355496744103,-0.41312333960498643,2.616913246689692,0.5682764247444665,-1.7776749631004587,5.630998805030065,-0.8419809293484983,1.839261451696405,0.9839403740118717,-0.9707482820638061,-1.3080885684196122,-0.34276479156070877,2.211395848080125,-0.9906001280793605,-1.6975119601009316,0.1641038805813475,2.2602512657759433,-0.6792722926317848,0.07516032575463753,-1.52116036761703,0.3432829901917255,-0.2863804222893768,1.1009350471340487,-0.28455425745641455,0.4089560811723041,-0.3646855349819296,-0.6448725101829188,-0.39220840100259474,2.303059694616941,-0.8209194934437735,-0.26771123757705656,-0.8832313012645436,1.6834523975029627,-0.8316131284824847,-0.5262618563718521,-0.9770773643637187,-1.0482981911991638,-0.6222112806747996,-0.17191421204188193,-0.6576909925497177,5
-1.0102014376542332,1.3086717293076942,-1.039870978393034,-0.408421989825744,-1.6676184246963668,-1.024764574225807,-2.651015172223287,-1.1070477139025858,-1.8005057845791546,-1.1620487204283674,-0.8405193702291366,-0.847193871455864,-0.1747316638653222,-0.6493760020439554,1.935964484975463,-1.9318714455808694,-0.3523023084924601,2.4006184747811097,-0.12162012545669772,-2.2193805257548265,0.8956230729158442,-1.3143777075243235,2.8968060637048443,0.9643435437295176,-0.14296117397472516,-1.2427466060221104,-0.7399409549021784,2.4943513577777305,-0.4932173068513759,-1.050908714102829,0.7179844971271421,2.833138376934886,-0.3195405421405662,-0.0021866488817720168,-1.2456249151622094,-0.30152136290553844,-0.9007538477248181,0.6414593917325829,-0.8651333349609784,0.28711438170205017,-0.8154762639566255,-0.4054072813830453,-0.5425277886446781,3.0614498668306696,-0.5887857136318024,0.2283892624661289,-0.7158413472153561,1.6981489970400363,-0.8635194683857951,-0.4169566612362259,-0.82304386966673,-0.8875614288814757,-0.6902245226208061,-0.08651297580367075,-0.05096092208501935,5
-0.3986234451392537,2.7015439937582193,-1.249612085340363,-0.48601748815866364,-1.6783920370941618,-0.9675317139023232,-2.601315399951895,-0.7781041931827346,-1.7579058489858588,-0.984894656311487,-0.8076639352516781,-0.8105169858661526,-0.028364515766118373,-0.7991079417350236,0.7149763525656101,-2.1330227534673747,0.10458937485207494,2.1378936087552063,1.2224358569445897,-1.6853319051024551,1.3329761185701545,-1.7662068193505212,1.2278878307660135,0.9374901287833425,-0.04472831445851946,-1.2209446725819606,-1.0324285421456192,2.3363602248464055,0.10014512042542355,-0.741899661431236,0.28690552380308026,2.533118336741612,-1.6565660099450332,0.3494336269554015,-1.3473547608049616,0.16967041621410792,-1.1484894465891127,-0.10401217003557987,-1.3751687394176475,0.3158337748943537,-1.2683318208434355,0.01437810719491367,-1.1194316514678815,3.08984742136344,-1.179200038844525,0.518408674818915,-1.074732627049389,1.9666319079659604,-0.6274826498622295,0.24579269982076166,-0.9130875979986977,-0.4444679369188776,-0.9586391097492379,0.06863106422840175,-0.9171117306947731,5
1.1189872272206909,0.718837549673016,-1.2322569397482097,-0.16299248261143548,-1.653052075244944,-0.9144749512625128,-2.3538994661869066,-0.8330703434485154,-1.6463911476960986,-0.9182158240658057,-1.089281949344179,-1.1286912140643874,0.07506039192504545,-0.7087413043166324,-0.17301501645973807,-2.07001355925199,1.2707382270773346,2.090824164095405,2.202641361622751,-1.6676068568570956,2.2583381306572474,-0.9580513900459631,1.7739852280273474,0.89777271506909,-0.49625036744560763,-1.1372834101909097,-0.17200638271771493,2.77848089619202,-1.1673901531357893,-1.0968928625844359,0.542793943721511,2.5814034790511355,-0.8727095599664366,0.3256526639090728,-1.25276838877958,0.16395249316008834,-0.4963550715880674,0.5385781802940269,-1.022233226364383,0.29850534788835137,-0.5470431087562043,0.12494204455214684,-0.9370750096225122,3.6435587032014634,-0.8575302755815292,0.975748449209941,-0.7148860700560085,2.4692573422866824,-0.8148607095163063,-0.08214575470772464,-0.7184276380601199,-0.5677055263358101,-0.6813378801750652,0.44689480880402005,-0.7964544720779041,5
-1.2960689906581566,0.30102605726811194,-0.9763356827903357,-0.34353927633909265,-1.7424240926814802,-0.9891431526439529,-2.741802134651622,-1.222696815665917,-1.9261676763757343,-1.1933524221934224,-0.7961103756991654,-0.7976474570128311,-0.04143269495874413,-0.6033478686030209,-1.2144863751931712,-1.7547991355320278,0.16644035533911483,2.966238703674088,-0.013195753516454212,-1.8650766524736948,4.445766125990571,-1.104749998431628,0.23785301824286276,0.522844229846128,-0.8247105651604589,-1.8307505845281464,-0.512264265556548,2.0600213920348964,-1.5081612138670173,-1.6793042543925514,0.4233886756662462,2.148646674282113,-0.7385746651732883,-0.08639331568008025,-0.1529683419124799,-0.12681167966732973,0.567465462996825,0.40809721715449565,-0.5334418043628545,-0.46601527764789047,-0.5545102707386536,-1.9518836502488746,-0.8209028782342835,0.8923654888783225,-0.7514113779751672,-1.4501807148711612,-0.7498109623324369,1.0669868404994163,-1.002265334793833,-0.523596198920072,-1.0091036246255398,-0.4710776615174133,-1.0858072424663252,0.3015489287182469,-0.9329197092688772,5
-1.3849487703567744,0.8867287255043776,-0.9176294582065563,-0.3760155354227273,-1.6098126465282867,-1.078153459922954,-2.6466950719308664,-1.1480391125941427,-1.7975232612073808,-1.2256275097955787,-0.6419425654203218,-0.6273058492332625,0.03702740514543853,-0.5423251530228929,0.7149763525656101,-1.5265394188284847,-0.681238639948512,2.7182018572699493,-0.8378738582905445,-2.0714752266747696,0.6201358772574456,-1.2502821152761894,-0.5529559229051308,0.47576281093835227,-1.006463464931448,-2.15594842754635,-0.7734962005404976,2.523599185015922,-1.245708228000289,-0.9421660374755058,0.6114913714750424,2.4137813946881406,-0.1351388559731314,0.6838787494643821,-0.35740552615383303,-0.011704604502084099,0.07971962251272252,-0.11332814385087557,-0.7910123388772838,0.4189055017745405,-0.5149037085425411,-0.5284088463717116,-0.8691362461868298,2.5923517146557855,-0.622117817449898,0.5745437122043217,-0.7543888592492113,1.5786190309140817,-0.41628947791748905,-0.6679287906421487,-0.5151319069033339,-0.8392934148378393,-0.44880786906512526,-0.7037060768952367,0.26864487378067564,5
-1.4951892155714142,0.08301249099758108,-1.2196518729847272,-0.41217198829025137,-1.775892719879528,-1.0571276566850771,-2.63926209368287,-1.0261027349721563,-1.8876852066762144,-1.1312978146675814,-0.8363673097649522,-0.8425524143523235,0.07381503563969768,-0.7641642644141815,-0.17301501645973807,-1.8674623308446534,-0.2783731986999752,2.4208960639970343,-0.594693298544136,-1.0135355950480474,1.8669905689478439,-1.6291766741850053,-0.16458489731141968,0.4649203244568855,-0.9912782855789579,-1.451541045064526,-1.180258685087716,2.3922672957314743,-1.0256571320405004,-0.5822418238617609,0.2706338465031394,2.7012751882574357,-0.34881001609964907,0.6070051159956034,-0.84554143478616,0.8010319368980793,-0.7641136311695,0.5286322188643916,-0.8379195425927791,0.5889037065770908,-1.0082882559756408,-0.20530661916244863,-0.7090146971199524,2.514622288682916,-0.4009534929142514,-0.2868406969274396,-0.8340945148064395,0.8134332870922819,-1.0681694018577148,-0.8144148823352614,-0.8930407792528982,-0.6711900256577449,-1.0859798654290849,-0.239018755714008,-0.2557666569634542,5
-1.332914760247812,1.4175792945194259,-1.1515438765656316,-0.4742605274584319,-1.7306128997297443,-1.0704215918452928,-2.515278795730685,-1.3166337698826602,-1.8188760170283078,-1.2129608364765474,-0.8056781672035901,-0.8083040047721363,0.06577632388572072,-0.7352545611999837,-1.3781461601369962,-1.8625410203256159,-0.2532940589975461,2.4847877806987766,-0.8994736112194127,-1.531233001673491,1.6786227627011883,-0.46427347643048394,-0.2792879032699516,0.6366956659910287,-0.8868381960727212,-1.4896257924586138,-0.436406668652783,2.6835166387732645,0.5737612560067108,-1.0921499076736854,0.26645340620292013,3.255908791051151,-0.7623230553483542,0.3375281864335393,-0.7944900877180469,-0.06985797069409032,-0.439987493484864,0.7639716651237954,0.07174798269255163,-0.04244393598786653,-0.5651454556949687,-0.13375987752244323,-0.059087962238248144,3.1260147260625604,-0.07163612578673478,-0.18878548133722714,-0.7905034421317287,1.5172829118136912,-0.6198584299476548,-1.2249237283052357,-0.5645824058389945,-1.2133135544175033,-0.4338918484900166,-0.5249108208869802,0.31448129504352734,5
-1.4810544207522682,-0.08056222351965457,-1.1516198066034942,-0.44270868361954563,-1.7242552054620803,-1.0816295163271334,-2.6247173562392834,-1.2507496570386871,-1.8794502748886628,-1.2352489292143634,-0.7619912701456508,-0.7597266765001718,0.07786353072181612,-0.7278904915299368,0.7149763525656101,-1.6750267748715058,-0.46837787572953776,2.618290309396573,-1.089860577990572,-1.317990420757514,1.9109298542300388,-1.2844202165996306,0.24037260632613305,0.5627553674298981,-0.9186522394141836,-1.6645232679733266,-0.8506294541746257,2.2576496233300425,-0.6293583935482783,-1.1689659748000365,0.5481798795133237,2.3135954988903933,-0.07016843485175009,0.22635495070556744,-1.3704707437340666,-0.058974666415266226,-0.5646255261506394,0.3408035570736974,0.4175149269426212,0.4341904925926254,-0.715231796207967,-0.5789796616630625,-0.7666923717454,2.5551549978703973,-0.6549005478920858,-0.15414839656726706,-0.6090206646347767,1.3571520264307948,-0.7881794742973853,-0.9069483209122717,-0.7829556697591672,-2.393903820995461,-0.7863827012225757,-1.6883654597201174,-0.3449270177976034,5
-0.8466540839906791,1.057035809609747,-1.098227437126525,-0.4655384037703164,-1.8401766250816165,-1.0292437761919357,-2.674895503565977,-1.2254207744341805,-1.9203082056807457,-1.1757201885046253,-0.9324062735452154,-0.950390124758255,0.056551424729324146,-0.6944211829923217,0.09479190435743004,-1.892065538712272,-0.3196625820174208,3.0800542998262026,-0.40499526535901303,-1.5390987172999102,0.6714296634450801,-0.6455777905735726,-0.10706161617912023,1.171941055700278,-0.96155355640795,-1.6335291837073804,-1.0242214418669047,2.724348689517948,-0.7503267623231726,-0.9989383959487987,-0.08893146511759055,2.1072076344265196,-1.2104553383473509,0.4255772132266867,-1.0507210937386604,0.4863782081725171,-0.6246771896750474,0.49935072417804627,-0.6403397185679288,0.5496274552451902,-0.9185867476189845,-0.29500131772264615,-0.640035949481185,2.554137924627629,-0.49036581106744115,0.07820425972508013,-0.6954346117009005,1.108699959653901,-1.2593619087878802,-1.7694432560820696,-0.33478799602087794,-1.379722092278948,-0.6634934306713335,1.2574766118980618,-0.5172508938916556,5
-0.9671686372349316,1.0525392147839625,-1.3235026163008718,-0.5087355785102644,-1.7241963637071323,-1.049473780915713,-2.607245592395032,-0.9897118535519996,-1.8001098743970605,-1.121430049980763,-0.9154369829524623,-0.9312632955911047,-0.03820847497963864,-0.8440095689310697,0.09479190435743004,-2.078635962859549,-0.4532666436107563,2.6472105739959577,0.4647982248326897,-1.8169734495646477,0.2563540193179697,-1.479294221305849,0.9988783209260853,0.9176858738298989,-0.5672181507617984,-1.5065598610358453,-0.9082964291281158,2.4841002980118154,0.22531379885389505,-0.9536518073561165,-0.18335568120614565,2.1241443852396507,-0.5326808511241125,0.03403281169624098,-0.0977884279884163,-0.00564203356953016,-0.295008155718933,0.4799558720604913,-1.160058207352564,0.6937117879272798,-1.0862026233573185,-0.18345630685562128,-0.7277984697735002,2.927760064347752,-0.9536048716827165,-0.07702204731703528,-1.0468231361396716,1.4450562147833277,-0.9007607099493845,-0.014692152849456299,-0.5764150325860405,-1.0203888434823813,-0.5496255326831079,-0.31429188921820717,-0.7251838145563172,5
-0.6387466248402026,0.8265140420082796,-1.1467314772652577,-0.5206333344180051,-1.6462212103313436,-1.030405009310335,-2.5895964618265235,-0.9678847490323008,-1.7641084418386621,-1.1224290208752241,-0.7646991356657709,-0.7627316474243772,-0.032971838642449854,-0.783865902744761,0.7149763525656101,-1.7265532152752792,-0.21168628610238074,2.8450742283238672,0.7748840836485478,-2.26322778136366,0.44843110763031785,-1.4788082356542196,0.6833982507412558,0.6586658186014931,-0.5641691088196661,-1.8468762652767112,-0.7551447140737573,2.4740936036082837,-0.07813650561200416,-1.2569028369972757,0.7646253949292231,2.204730293033597,-0.9457407247629638,0.34189669466370165,-0.8205232696907393,-0.26700767940219605,-0.462698862505756,0.198969958536157,-0.6820642731953545,0.3727622820508151,-1.0327641838608457,-0.279284052906594,-1.1204609964463828,2.9624727564965085,-0.9770931727625415,-0.34293472676895614,-0.9553171076734751,1.4932996908585605,-0.8401250734793813,-0.4167706292836795,-0.6741596005953092,-1.6310916734968501,-0.854362671401816,-0.16116858035333528,-0.6908343016289719,5
-0.9478484065793948,2.128457414303723,-0.8262026610109272,-0.007916032285600049,-1.4769938776328198,-0.9912162890626036,-2.463451591923435,-1.1224000867515538,-1.643012714142231,-1.1615530487737191,-0.563414465336836,-0.5415307588923947,-0.09366666320012909,-0.3483264962231322,0.7149763525656101,-1.8600279136564872,-0.15645242462573325,1.7630725272058998,-0.10667889134041277,-2.1728538798795864,2.7692429960743623,-0.4545350958684423,0.7319478148832698,0.2674174928236831,0.2443263492792727,-1.264652989724928,-0.41330549847951037,3.4725474390811364,-0.18872251553336045,-1.3034963089169813,0.5733641111492447,2.3839048224818247,-0.9515110013205016,-0.17094608204263798,-0.6562814814000122,-0.016914544423585642,-0.46331072441424764,0.826085119199854,-1.2074336360415443,-0.1645786758966155,-0.43281155763890367,-0.4351094109399191,-0.2665334472062529,2.9950096992414696,-0.41823927851886744,-0.2857125695646679,-0.3540124997400606,0.5775831815180693,1.0559261806943145,-2.4063088973119,2.2586727037144496,-1.6463927144804775,-0.27904822936954904,2.2571413235468056,0.8766146467242938,5
-1.056731239623082,0.8710532568668476,-1.3543585649358771,-0.6898333580812837,-2.027922470935089,-1.0698700612687446,-2.6901042916190465,-1.2653892335046155,-2.0033701618840296,-1.191441670840137,-1.3923823632296335,-1.4807520367336784,0.0015354469649669453,-0.8968928287235788,-0.17301501645973807,-2.1291352678333992,-0.933169166083694,2.745404688995512,-0.9783716226336181,-0.9193035369965337,-0.1750889276995961,-0.6995397774490668,-0.31278865017355706,1.489367706096378,-1.2116999452151285,-1.4937972840336566,-0.5823953978159636,2.110560967177397,-0.4886344851103517,-0.7387931641145432,-0.9263481936759398,2.143545073981411,-0.3004843968153329,-0.4743564788535987,-0.5341431960559251,0.22883226392931885,-0.8665383335897019,0.8583723396375198,-0.3330128512639659,0.8211726131821245,-0.7946580410989971,0.1953574937551648,-1.037528573289943,2.5168648245253373,-0.11596132594856076,-0.6315177488266409,-0.14808689554227478,1.5049201835585428,-0.5739034358613905,-0.3608347745628992,-0.775412076134503,-0.49776340863818636,-0.685000444475948,1.220008111741682,-0.15694291149866763,5
-1.5574538813570191,0.9560444861028774,-1.422566591666242,-0.6792751597635823,-2.129539655412341,-1.0317717402923945,-2.6953487135166863,-1.0881774796348909,-2.1095796667337328,-1.145848418983151,-1.606303739319129,-1.7352293206442224,-0.0692873197791175,-0.9221960611759151,0.7149763525656101,-2.4897224413618746,-0.9294184330450302,1.9339378640716445,-0.42066998127364613,0.28310028610310334,-0.2308211674216554,-0.6995495120503131,-0.25307685625102316,1.0485338374129756,-0.6020632724154857,-1.4186312412425963,-0.8447534958943926,1.6374738487275886,-1.1014072103712567,-0.7850331889036587,2.0266898648827985,2.797190319753231,2.648762612049651,0.6744352357161605,1.1899379658607971,1.001189418840237,0.0746751654497487,0.7777900470380557,-0.5426952729730207,0.9336990737312019,-0.9347077992884671,0.2814629352484978,-0.9407919778862879,2.8142524968826526,-0.5890643404976573,-0.9935587775684837,-0.3018569199692687,-0.12126994539129704,-0.4365664596206084,-1.0884411184483542,-0.9283916227828548,-0.48029207389525075,-0.9694056070172734,0.5581941842731051,-0.520065032019511,5
-1.4883299512811106,0.07904955374109497,-1.4521523141264006,-0.7452259281310515,-2.029076823639658,-1.0353258957688372,-2.718505286744431,-1.107658346642773,-2.046735523829373,-1.1018768616476409,-1.478673011137464,-1.5828044114032382,-0.058501465262081984,-0.9600399919475036,0.3893795172563153,-2.3469788947538004,-0.9254857191161997,2.736940720123164,-0.21999439290015085,-0.5051865785984525,0.11919986701785773,-0.8493751034057191,0.09983863304024121,0.6599719616846683,0.010834026600072025,-2.0924663254202303,-0.09220331321052336,0.9905093053185806,0.11665695758690439,-1.489677299528627,0.5613642305758808,2.7538423846536975,1.7165787291072123,-0.009765634583465702,1.5717836770371059,-0.20967798456593206,2.0434415649680706,0.3883569658735533,0.5012469367436708,0.11164949031808286,-0.7199580973184236,-0.24464314011778818,-0.3533880870007342,2.8980679105207976,-0.4472446166956428,-0.9066632517212929,-0.4335840595087191,0.4829248960292292,-0.49344083706919845,-0.6531575703438355,-0.7464771378827774,0.49060107628986716,-1.0963978306711797,1.6809389098307816,-0.5644427862014285,5
-1.6169452646148168,0.3060331909237305,-1.4999296034322387,-0.7161587687583005,-1.9987762905666773,-1.0398646887118104,-2.696735232684289,-0.9625140434012582,-2.0451254890888584,-1.0935543335590774,-1.4080879832463307,-1.4992662762906332,-0.1089634966380093,-0.9743916399381495,-0.41753437894497897,-2.511894032286599,-0.6730459808020064,2.4525948009462994,0.7946676597945566,-0.2715564087449904,-0.24159975197828076,-0.9982765947910534,-0.3260007878101239,0.2886225083617548,-0.6624284211073388,-2.253805350034729,0.015101234296637673,0.8563853306126559,-0.4476057809040059,-1.5903997849576916,0.7958544077861484,2.5072427260212367,1.729882280029834,0.11390941909638128,1.0039078762153013,0.17237212821180065,0.15366922073837266,0.2650749681023938,0.31273081098740935,0.02555860838045722,-0.6847777865191609,-0.020949887698899623,-0.8149047937245466,3.081613495655908,0.23263443103635253,-0.651204572896247,0.25776208594302025,0.6479714339019914,-0.7249919417584721,-0.6076982211082385,-0.8912751180365924,0.4970599977298589,-0.9035051736062445,1.7972740665413305,-0.028708211960756586,5
-1.231495142686133,0.9065935023889806,-1.4534757877288447,-0.7003700989914214,-2.1507668034499217,-1.0350683753340777,-2.784237094492685,-0.8720501353367067,-2.180737923462063,-1.0898117698043832,-1.5673104758293983,-1.6884735102796309,-0.010563240916793075,-0.9504144460518997,0.3893795172563153,-2.446732353847286,-0.8806187859277447,2.445250791135417,0.4579863097344433,0.6452017398196144,-0.49002034109213904,-1.1121878064073762,0.21697937791237626,0.40276618923989715,0.3900257890506505,-1.6508942070683355,0.21712900734335364,1.334094731228879,-0.1779356746673526,-1.1714698083558759,1.111800840091363,2.108430502441874,1.3772761481024254,-0.245631676589436,0.4698909179539164,0.02631508596696154,0.43138625333535296,-0.051968074827824715,0.7060266849672417,0.3982108398936746,-0.19076873039588318,-0.13293209154501093,-0.7096676795287948,2.50363542989232,-0.9353462561543487,-0.46567930919367334,-0.6924502743406253,0.8206554986980403,-0.6581009560826484,-0.2980218031878817,-0.7433000352102342,0.6633285139501215,-0.6959568167339553,1.9480651444444745,-0.05798196509250321,5
-1.6569636036900353,1.411282327857868,-1.2100409674827666,-0.4618931123267359,-2.2150822909608556,-1.0752584663721383,-2.7542396242165963,-0.8718217886529332,-2.2517906041418345,-1.123571779761187,-1.7317681750846985,-1.886789955184732,0.005357407529352059,-0.7682148464782926,1.0767506140203809,-2.3678934762447468,-0.17182274967250163,2.3763986296688255,0.8612586889481324,1.0204995227503624,-0.3585829271604286,-0.5986934314277147,0.6977700715570399,0.26314456021269067,0.3114480208976083,-1.460667166518168,0.029703897506482984,1.5468327274645608,1.6350357463074412,-1.6992691122391477,2.4017338576952474,1.0764999066653393,2.123665995956749,-1.1852075112299099,1.3202370284759015,-0.025719608704184552,-0.25884743727362336,0.13181113342288436,0.1138929102159619,0.34894394284046965,-0.08427330370576915,-0.10141187884469459,-0.8408217231606359,2.1995074194549233,-0.6981978119278023,-0.5396744177013,-0.7957374707587078,0.22264951545712378,-0.8743545942557196,-1.1235110665340464,-0.7498969343570967,0.7304688214319136,-0.677675007802268,1.1588892503957622,0.1709699541565161,5
-1.193071212848264,3.0877695083701777,-1.0043641306427422,-0.656697351821102,-2.083953693147132,-0.6887323406483673,-2.3474802615977604,-0.7033171932776918,-2.0709652269735153,-0.7279606735634199,-1.886297034099558,-2.075807793690008,-0.025595889269267234,-0.6958165102761158,-0.17301501645973807,-2.0968084758759398,-0.8198605265653436,1.9160384835758069,0.8214705330443328,0.5149580941114458,1.4128391238444336,0.03749024594854773,3.1903820873991555,0.550229555968994,1.2837864123621285,1.0024328140770622,2.0682450458554853,3.0010046406159128,0.4376753556690913,-2.1090615103329724,1.3752381661812596,2.380825130474809,3.085671847731862,-1.674158378982912,2.0870247460400058,1.103583957296043,0.3564571955362927,2.834035236615496,0.7122568148618106,-0.45390896963929805,1.05891978955362,-0.776551733759745,0.10434426970360385,1.6662976157284421,0.1798610391487826,-1.3210280575794968,0.39260076744083294,1.266632895608144,-0.36608558029695615,-0.9391659637977007,0.25492387416666346,-1.0301818399684741,0.6795809954195542,-1.5164518889395326,0.014115695151374154,5
0.25991741229098386,2.1581226101595194,-1.5036608361143255,-0.6768864166709225,-1.7112010495318841,-0.3320692175855685,-1.999760853580772,-0.691445704818473,-1.6468134518903317,-0.4725075930296337,-1.3912992170215854,-1.4794761792452935,0.046134243187681515,-0.9657692715660686,1.0767506140203809,-2.4919436445340444,-0.31611472445989036,1.2617540174189048,0.9036135446602126,-0.20802546286316856,2.045831683976777,0.565828742581556,1.8043574447908488,0.9535183491429121,0.203081855011861,0.040133794757547796,2.619638219690914,3.2689346559103645,0.4744171782554019,-1.2295123649623327,1.18451683423283,3.162999852759376,0.3035838151388735,-0.21843621695680576,0.6219952248578392,1.137861119459971,-0.2589079026847374,2.069387414508006,0.27505075138956786,0.17976939001832468,1.2372342913043695,-0.08564578990384922,0.5167789086637844,1.6860737461113897,-0.5320230604842588,-1.746214167704246,0.5055905341176347,1.1211879667011007,-0.18061488680036275,-0.3253849727535119,1.0426524691807237,0.13252487450599584,-0.5025317087101213,0.22409516357761947,-0.6646278248933054,5
0.1597834731730715,3.575972746039477,-1.2829986760961223,-0.5308487270130761,-1.5674660352026026,-0.23528044086123942,-1.898724425477225,-0.8693823319996633,-1.470263904688626,-0.45024033170757116,-1.2835261693208013,-1.353164871619583,0.09420489724493619,-0.834753119857786,-0.6416771278897831,-2.1624457137623807,-0.15137763434897009,1.2876362713293827,1.2558846840898024,-0.6614550736860618,2.3192573633344935,1.3230348150468971,4.648405621432331,0.722096821684623,-0.1579003956097064,-0.24811365542961727,3.6714527000072863,4.087616016001817,0.8166377309446687,-0.9393742597565422,1.1161866928044113,3.8453726471308096,1.273105645619334,-0.12269982681678054,0.6383390234973375,0.720978294802191,0.4779598363542344,2.394521265895277,-0.07752007969409344,-0.4003582164251942,1.0082579037193231,-1.0570885656462519,-0.0776730252076387,1.4355157060742803,-0.033963747145943995,-1.504930076164817,-0.045271463246405644,1.895855865422839,-0.3743354035414435,-0.15311510491380567,-0.09157074355290212,0.23233612687105887,-0.2262245758587294,0.1046837734960905,-0.7463316605192014,5
-0.43706453683081675,3.0391132313253624,-1.3018522916289152,-0.6860108947945187,-2.1057825737111324,-1.0002114348179376,-2.0972903625127834,-0.6343832552606135,-1.9544356633772328,-0.6899683952896779,-2.033063345290073,-2.257729753478126,0.07874425141755817,-0.893473579394508,0.3893795172563153,-2.540589058236064,-0.5052323271285389,1.5854523763833481,0.8317009153301052,0.4924531394966961,-0.685646979074592,1.2457961368196604,0.7830710952913837,1.0694262717003729,1.0869059381278043,0.5419582120547115,1.380510777634389,2.5896363807271565,-0.6938758246177765,-1.8432091088548794,2.85426038014903,3.777189028731966,2.1080817369200577,-0.3154163066592494,1.7472405442805454,1.4270938931234327,-0.5081031806209753,2.447176238808908,-0.8676073692661531,0.5881711634627365,-0.6138006007547241,1.1618210651235867,-0.48934828951313697,2.108818192786774,-0.793791931478093,-1.3523647739702866,-0.4729734264847997,0.701724424311645,-0.8539251737605291,-0.9371656122761792,-0.8852892257816274,0.7233181633137576,-0.5657903741089717,-0.5237578846620041,-0.37154636304874444,5
-0.20189748138923924,3.1515781925721456,-1.167705463205634,-0.5727605725925558,-2.0518547272386556,-0.7916724095599937,-2.369942912784962,-0.5412257014439301,-1.9794571868855628,-0.7667042374168005,-1.849650587393931,-2.0307479194874727,0.14358514265477365,-0.8195763925287488,1.4810865532933601,-2.130260008495118,0.29791545606170167,2.37598765338714,1.3189602268602398,-0.006424485984637645,1.1985635956554694,0.2883818417393098,1.9682631003206332,1.1313510063166854,0.3880167427454784,-0.03381148488014195,-0.053597055530255254,2.7489860161483395,-0.20610242627996053,-1.8989569765342682,1.2931219492853119,2.4404778188432212,0.13019666213341338,-0.5298166661442532,0.5003023411849359,0.8433359775324327,-0.5249636201419156,2.010415799880728,-0.4233542976472499,-0.18991675892438223,1.9356567627746541,-0.7017938038603787,-0.16533735432306418,1.72695115949823,-0.20328580012027767,-2.246738329690145,0.5956007788529488,0.8734696601267707,-0.7134693021142859,-0.08382142012405092,-0.7306979348365236,-0.7681966693588677,-0.01742657661057961,-0.5174874806755807,-0.4777549955918767,5
-0.3237397048469357,0.9075635261656655,-1.1606174877369373,-0.5051771102438162,-1.842374971872936,-0.4197257732776877,-2.2271800211836537,-0.5624724852611962,-1.8255273080874839,-0.5593258330985575,-1.4882408026418885,-1.5941696026736798,0.10639203586328858,-0.8221448115783362,1.0767506140203809,-1.7832098596381012,-0.18657151562377686,2.27085466159372,0.8461109068022198,-0.05454216280997344,1.9834656014325025,0.4774378761171585,6.774815518405682,0.5441699373456239,0.2960529626792382,-0.23813765470899936,3.138827721968153,2.9500952541060657,-0.41471052602373587,-1.7024181767999618,1.7862966856712512,3.0956037544503077,1.4349953397233632,-0.7954883027885726,1.2108802639012686,0.28127519180913685,-0.16273286110963162,2.181191035104275,0.35430853344548874,-0.10770958084330241,-0.002382298945520522,-0.9528743097892907,-0.6120384975126452,0.9538084676933153,-0.3048106754471215,-2.4605770141250822,-0.7951307070852386,1.1907016268399495,-0.34658561457585896,-0.14367798022258021,-0.2413211420815077,-0.5671573004277465,-0.8533866995766718,-0.5476166272936948,-0.24900254929821852,5
-0.6285846165783366,1.2237209578657267,-1.166306966869738,-0.6700155913145479,-2.1147585712333705,-1.0227482321591927,-2.2760639256731614,-0.9459642431564081,-2.105092684670003,-0.9474757238537319,-1.8803397299552935,-2.068472870275351,0.14097622199870743,-0.8486498145705962,0.09479190435743004,-1.9299716403214968,-0.9172289685611922,2.4609550518707812,-0.49013683730003293,0.5078938880971391,0.20680164613592922,0.8784118276867868,1.3747628155671332,0.582660133961824,1.4223167720864078,0.152904017764063,1.4264774509069162,2.7033090813650067,-0.2249638684585907,-2.1341970578096863,1.0457763785721628,3.013958334914749,0.5696745448459761,-1.034313297817086,2.618083239338676,0.8425143434954366,-0.4946972781972588,2.429524082470262,-0.07546676927813695,-0.3933550872439485,0.3971162786030579,-0.362119595279175,0.3982253641728392,1.161924619570591,-0.17635457159057746,-2.3947193283084864,-0.08948601920428091,1.1822774341684277,-0.36256033346670746,-0.2243690913968339,-0.6355897073159592,0.27595200077884025,-0.5633491095678153,-0.8191839603100655,-0.67797732460641,5
-0.7550660177207981,1.68868215612703,-0.8817987594882043,-0.5686449488771352,-2.1262661402516176,-0.83823796420411,-2.382814252641205,-0.81363103413141,-2.1258911662359985,-0.9387839788881214,-1.7868281073271428,-1.9538414570882892,0.14083672902295552,-0.6372935845397464,-0.17301501645973807,-1.747746017286764,-0.5873945216024734,2.608242328860334,-0.3376934107521962,0.39035434984002665,0.6580713102449927,0.6158432913893301,3.538944987619675,0.5223710252379954,0.6961997162942969,-0.02160208003581372,0.46988049499774104,2.664983647196918,2.1522122276338393,-1.834311187577308,1.2484361906444694,3.3154264628096723,0.4756914758190282,-1.0335352196177496,1.2824869240806076,0.46544016753068773,0.28115253140859026,2.4413762039887517,-0.015327354655299807,-0.05579322095731456,0.10289715497966541,-0.22276356901754027,0.5588011859644019,1.4721139889499288,-0.061629199683363695,-2.4530077207149232,-0.41630784496903667,0.5603342657996854,-0.6239509041455573,-1.229485544606009,-0.6161856331974518,-0.12444735066380398,-0.10064368099047832,0.47473926613936956,-0.5619607654814841,5
0.7228350463575108,-0.06300257761579327,-1.0041740503687204,-0.6158784398567513,-2.334949025397576,-1.1354076176268806,-2.7731004987962327,-1.1471395670800453,-2.3239782273436083,-1.259589502674363,-1.980530754199741,-2.192345192100702,0.15941843832577174,-0.7434222161167303,0.09479190435743004,-1.8097837201763334,-0.4649192270782819,3.3694785029387315,-0.6100160071337138,0.5962395165778821,-0.2981818404086434,-0.3251496475863381,-0.7218051106279122,0.6778321080253383,-0.1781935369161634,-0.9081892194639813,-0.5237712622676209,1.6184051921522387,-0.2536956917737145,-1.4656945313589822,0.05430908530456425,2.957836584339141,-0.9686405647491736,-0.319337666988577,-1.4197428748382002,1.2761963564148715,-0.470105474934039,1.9321751459533276,-0.6335666021411404,0.19019909388771591,-0.40394599225129524,-0.07070741557752537,-0.6281585851362324,2.305555568460426,-0.42862997794979385,-0.8213917782521021,-1.0361102156829125,1.5810434992885636,-0.6406579449223234,0.3628900535831053,-0.6464333595950449,0.6158331618490428,-0.9951382378918432,0.6832948827245122,-0.7579168708822016,5
-1.027280403246481,3.3921585384021564,-1.1500460871033,-0.681890431544308,-2.0174699032252206,-0.7106093004266453,-2.298179048233158,-0.7992071860968906,-1.937464313571478,-0.7797408194848618,-1.8465816731377953,-2.0269810453079224,0.05449310147931382,-0.8243610113141421,1.0767506140203809,-2.155481686896918,-0.49763399812635106,1.8265819970105763,0.12201231022801474,-0.42698581263085295,1.2663054554785633,0.07259802808083744,1.9682967333662749,1.1376266760417642,1.385612755818884,0.610495700344786,1.6216793512279368,3.8814730051471655,0.8527029321496286,-0.9387885699121582,4.361941719069746,2.724664051075838,2.1603034209635466,-1.1307135010338643,0.9940107080651418,0.8342633774506486,0.34812738439725865,2.587018996919717,0.16156574717145836,0.5754067997326113,0.18350989729921413,-0.028248053646372884,-0.08066608289867869,1.364826520627668,-0.14042971813712643,-1.6487782122489634,-0.023300427492417543,1.7029773292419081,-0.7794380159957476,-1.352698429397592,-0.5023397130305638,-1.4401121737656404,-0.44876802509751623,-0.1243164901580659,-0.7711560866897829,5
-0.4856336782226808,1.4719680556705486,-1.3072495053284496,-0.6413911692503624,-2.1042098106075984,-1.025934897430298,-2.2654984727523386,-0.8977936224374703,-2.0501931394196595,-0.9232899840607586,-1.830876053121098,-2.007719510821984,0.11984682716515818,-0.875924987541022,0.7149763525656101,-2.311512619873322,-0.4839951528472261,2.1424659633583216,0.7338805468759295,0.5592229595998252,-0.5102827306869918,0.4018898118145964,2.905325734578966,0.39011055194985433,1.111629653369315,0.3334044697023822,0.7202697379508792,3.5180876981865294,1.7001642813033122,-1.6076916568645556,2.6100931199756863,2.7370027490301045,0.07033416143832316,-1.0256929194931943,2.411210638258155,0.38323091104350676,0.16980908074077178,2.079234487489382,0.35091840680088726,-0.15911678248422279,0.2480226582092917,-0.28005998778243407,1.9903797819042484,1.9539606146433264,0.09896806107657734,-1.848587746536005,-0.11313681088096766,1.0948823039583604,-0.3737429787369553,-0.519611537361186,1.1899233293888507,0.07355746846573274,0.0705086491399258,0.5498871190047582,-0.6479816211336862,5
-0.2755736844439722,1.8559963267525978,-1.3234424506771436,-0.5680739158217776,-2.0247033723742196,-1.0114130051378087,-2.156133199338543,-0.9081919062815641,-1.9264316164971298,-0.7748359787714096,-1.7967569475675833,-1.96596772059091,0.09660239548253244,-0.8734605715162257,0.09479190435743004,-2.289820237189438,-0.34818268694885607,1.8140769236812255,0.5510916564786387,0.8517141696296717,-0.28137428907012263,0.5300713762343392,1.2589468973834796,0.5181400147377953,0.7404240508409486,-0.07991522351312534,0.39987310467406806,2.8240094457238816,1.1696627789039795,-1.9284707519272022,4.528005746876033,2.262019845123256,1.4490483048186982,-1.0472073163839164,4.511961496971193,0.9441568052989061,0.8278425373324078,2.7941019215757357,1.6437023003081752,0.14940331133863308,0.3371625232417061,-0.2801176490143458,0.6051389987369005,2.1782115548475853,0.2540147369391541,-2.689787193126046,0.8413616439421351,0.2128969586446495,0.0037149670900510257,-0.5615395432168676,0.26512411599184044,-0.18571248504221322,-0.526551459740057,0.7783708739440858,-0.21097780623393958,5
-0.5952650602040905,1.6268867288200681,-1.2047406085290642,-0.761933813046522,-2.2095952635468814,-1.0445773114733294,-2.4740292293573876,-0.750473779832776,-2.126630198575907,-0.9306002208984643,-1.966630377863124,-2.1750942244515175,0.11722274253763434,-0.8813182958202782,0.09479190435743004,-2.1900001876107087,-1.010237281274257,2.488702281087961,-0.10532548746121703,0.13698347254694976,0.2377224751344303,1.0115885023177889,2.2837418567146175,1.8433427084460217,-0.0654024059924644,-0.3783046401741464,0.8960784899604937,2.4072104391994658,1.2129309769556351,-1.7444193768398333,2.38661260154433,2.637882355472019,2.465306486363672,-0.2808810250751906,0.2747428272357857,0.8677240731972329,-0.8271654402331075,1.7773618702573788,0.3590373482826471,-0.0871175855505704,-0.2226317993307066,-0.2863510862798634,-0.23348358263813432,1.6662775406259227,0.5227026729036182,-2.813773902453313,-0.23067272981018985,0.18652649381487207,0.34137065404045497,-0.7080817647096312,-0.6497047877049495,-0.2947445961393385,-0.38735912616397744,0.03862415210033185,-0.2779675581221536,5
-1.143455563526881,0.898992253509318,-0.8256459163419698,0.09560841145784725,-1.7863673091502978,-0.5248268766819075,-2.3172579466106047,-0.6135884760498536,-1.7889716012741543,-0.5880142490557996,-1.3799261818370805,-1.4660873616974666,0.08006480509386288,-0.5031513864956116,-0.41753437894497897,-1.663246036240082,0.664382651812112,2.087736972595538,1.6889691995690415,-0.1507885148772778,3.4256067149370035,-0.6148817297260896,4.53094220952857,0.1503822206918775,0.13757463620798877,-0.7136785455931701,1.753639089254544,2.500645541491161,2.9208331931102838,-1.6604990121341996,1.49583869631987,2.610384471799009,0.6983107725761067,-0.790943710923136,-0.2867509965014587,-0.4852279856284905,1.675490717979421,1.3054208712933346,1.323641866483925,-0.20263605140384316,2.6506261814979335,-1.6430725476589627,0.18124015198644552,1.6269732318579757,0.5069581723173535,-1.8885497575560901,-0.06748335175627468,0.5454764212636776,0.17052998002282893,0.04343596619658957,-0.5869451914997774,-0.15295293851322078,-0.12298711004296732,0.6779677901948873,-0.40873127771847617,5
-0.44873970938435254,2.879190314362657,-0.9008882174612287,-0.3571953217708822,-1.8617144135939703,-0.5090385716869233,-2.3580710850592355,-0.5844109820281371,-1.8825647683211344,-0.5923589841981688,-1.4830055959696562,-1.5879496824890704,0.15062690109370291,-0.617749649489072,0.7149763525656101,-1.6975206759074553,-0.41000613056443247,2.334142087340993,0.5472748268059762,-0.2869379583679075,2.4948165682502195,0.21642023358531234,3.6513403199582966,0.7083366109390876,0.07867651729190747,-0.9788627208523413,0.5544769480662497,2.583919613360977,1.0221935803906612,-1.6012435853091387,3.5659827600669396,2.382875839239889,0.04705845488018783,-0.7192091843845072,2.6272469759388066,0.5717233266590396,-0.42549391441917067,2.153084835308732,0.5848425271746346,-0.23998372865875991,2.130075621180123,-1.0857939634813267,0.9726721202434212,2.215445875727449,-0.19727477729105616,-1.9373650753053613,0.3989024787112598,0.8744136730125125,0.6747008190061254,0.05993932809609476,-0.6137561428443262,-0.8032654714505559,-0.2325444658034731,0.09784305586101341,0.4191171795261787,5
-0.44516821808685664,1.7156723211706577,-1.2576700826370477,-0.5279326348777685,-2.1489325877455734,-1.0814788103808963,-2.521503034593331,-1.091001007489986,-2.187098880387704,-1.148561948184989,-1.7326707969247388,-1.88788650793238,0.15549256911090245,-0.8787991003391113,0.3893795172563153,-2.094236380375134,0.09260212602018184,2.547500618753645,0.43967456204450966,0.5160167357060157,0.6112996216043954,-0.15685957911173964,1.5755373835908246,0.3415909196964586,1.0080251379394465,-0.9593860875654139,0.23534560395221235,2.488543409306184,0.7233393057754723,-0.905779107715194,2.5143675864819444,3.037023134829035,0.6287157432630799,-0.3135088240582279,0.3223021628351897,0.7194592769401426,0.3103048682292785,1.066885310603491,2.400430607979973,-0.5148297613925417,0.269699465377882,-0.6681544457367589,-0.3698573850062397,1.6984997449343096,-0.34018975797303125,-1.666593779867447,0.09195687976414124,1.1566911479922222,-0.708920081617927,-0.012999183567302315,-0.5874973837072023,0.1746858094407844,-0.32833757918655715,0.6189913350095,-0.3466086153134209,5
-0.14085605411162042,2.5930766478771186,-1.0421130977112156,-0.39440756242027714,-1.8374418803514099,-0.3507313656341955,-2.2848206852831603,-0.7796558963682118,-1.8506808016565115,-0.5440403102240938,-1.480297730449536,-1.5847336493622823,0.14753958912600165,-0.6961864364845868,-0.41753437894497897,-1.8058451514303901,0.10883885077996036,1.882837053729288,-0.661248049746344,-0.043889096459479984,3.7734091611132174,0.6636761442707357,4.558609593699603,1.1738276287531748,1.10734445598347,-0.8758313182707165,0.8756044391184922,2.427312897549456,1.6709406193690812,-1.531417809379662,3.1539872325053837,2.469164009965914,0.2567790544257934,-0.6630779147848008,0.35252315996081623,0.5969641145418931,0.11376124853673765,2.240348775977558,0.28199784346242623,0.5187834705555615,4.036333592244864,-0.15784300447563102,-0.22989107113694013,2.5242734187009948,-0.23299935713062606,-2.19313079966145,0.36306060621931285,-0.01705644536798265,-0.10711396355421535,-0.20033478380960754,-0.9262208060703054,-0.4143470133713968,-0.95722007916572,-0.2120565780690993,-0.7393323030233621,5
-1.395485418233325,2.5273067239439384,-0.32575010642675883,-0.10206318829998097,-2.1349129668691806,-0.8724292416648838,-2.671451052837658,-1.0010977138322934,-2.1708137748975775,-0.9760396198473051,-1.726713492780474,-1.8806508935540833,0.16042190160120007,0.049164830622557346,0.7149763525656101,-1.4355017116483566,-0.13752368475441967,2.7653691766129485,0.17978543426747157,0.07627122287660552,1.958360904578205,-0.41609304102222644,1.1095759727343064,0.9180969759442974,1.2340761216743863,-0.8246048076701322,3.3572440553513783,1.6945226990120743,-0.9062334582320759,-2.27493029165148,1.731801367946015,1.3505579059235873,0.34678547444652846,-0.5236145992002085,2.914173381238438,1.605444448582026,0.6964670160924655,1.4033596494543943,-0.25448852806830896,-0.6222467665753987,1.058045891884289,-0.7103035693071058,-0.5746120327565435,1.238098812662176,-0.19182404775935383,-2.406992816536029,0.5530322006873742,0.964441378178051,-0.2902165540505738,-0.8515312434785576,-0.16010893799304934,-1.3775152162533,0.3136390040653462,0.09368873060649763,-0.3080327058597938,5
-0.8852912589893431,2.095132714646908,-0.8864894098779803,-0.3979729534649685,-2.0907867605804715,-0.921382672079792,-2.419735022313856,-0.8475292446663976,-2.043541848360483,-0.8998319600751887,-1.8236550784007775,-1.9988726150201352,0.14305097144356924,-0.5623721957111711,1.0767506140203809,-1.8496309800403332,-0.4600029717611902,2.5880260939234287,0.08200940553163456,-0.1647297558516349,1.0438294086993343,0.608293363712169,1.9241241948047298,0.9282388479317137,-0.2996811870004384,-0.5170099340563801,0.5664667612851617,3.086823337186245,2.865921457890102,-1.8432485769848677,2.964663970185575,1.9655262498492485,1.5909824792912004,-1.2289661419417972,2.4455517827448974,0.34070921831374845,-0.5849167771025218,2.4184065202585234,0.5578848428691435,-0.11908477595733008,0.6887475598001154,-0.6556534002652777,-0.3213621369735687,2.362251672995981,0.20664636851963514,-2.1812027148707447,-0.40743221756822,0.8171561565067924,-0.453573817359465,-0.6351661683525373,-0.5277115911142835,-1.5280086899523455,-0.10054941098464054,-0.46392661174980065,-0.6112364076358611,5
-0.8805896413687975,1.4758953515370274,-1.0618018302474446,-0.5282381665675437,-1.9854487740784064,-0.9876323436373561,-2.30339153181469,-0.8841530667076417,-1.911228665504727,-0.9905372728937439,-1.775094023406622,-1.9395242098516443,0.054586540591921605,-0.7226493706130526,-1.2144863751931712,-1.7592537045220742,-0.5789765967710407,2.2139607412712508,0.5595221797902191,-0.08564933652174699,0.25461154213918696,-0.42178171294110184,0.8204571158620323,0.7254514492877026,0.32308648238403315,0.083257081864679,1.9781751859751817,2.632483821840784,1.780516143512761,-1.6536857920135801,1.3937126311220362,2.3163148393993374,0.3042912945835108,-1.841436630967494,1.961077418866157,-0.02958614239324199,-0.13337930661288508,2.204430388769554,1.5222453037753965,-0.26079489547058793,1.230253011820547,-0.8677897860976026,-0.144373538057103,2.47686993223072,0.7596336755982864,-0.924920208683443,0.19002123161848675,2.0384252803609177,0.0818940624210632,0.6450676113031295,0.4040916744056829,-0.6140611007891302,0.7897544950090651,0.12628777546069556,-0.23723035413442287,5
-0.7835813504981569,2.7547382867036925,-1.23660616014697,-0.4942514277810437,-2.002792636385399,-1.0207555937334867,-2.1697249290968106,-0.7073029715150485,-1.8726670137687889,-0.8486551119575632,-1.9088625801005596,-2.1036265151573783,0.013936688065159793,-0.865041622588387,-0.41753437894497897,-2.1797717066375912,-0.6061567205866294,1.6665817238572183,1.2709535165177954,0.17290199160205819,-0.2382500540329685,0.500978661474476,0.058261882430998585,1.3429735873942197,0.3925694996822651,0.31223887895529306,2.4161204153711022,2.726980272198951,2.431969406469858,-1.8300221959180356,2.5000597932557445,2.82974591180854,3.288238614564813,-0.6284623111876537,3.0499301475051586,0.054163571894037095,-0.6289286889210771,1.585556216289648,-0.38663151359489883,0.5334917928890549,0.01132212055247503,0.338068804860302,0.09949632970149873,2.398971189905381,-0.059238187156538426,-1.3752068157287034,-0.1573158941534083,1.1913996386407337,0.11338561374879082,0.5693735436786098,-0.9167146884930067,1.2183266465895122,-0.6082055099164079,0.5251006997410603,-0.6678059758508682,5
-0.9310593667708309,1.672793802430267,-1.0241104770090446,-0.6951358536666041,-1.856541380948681,-1.0397659166027649,-2.1428197711407058,-0.7823562936670823,-1.7547913555533876,-0.7290374472831324,-1.6395202230326038,-1.775188478979514,0.0541309816911301,-0.7531085270386366,0.09479190435743004,-1.6736624300893665,-0.7400511950000954,2.806389868463389,0.16796952481214134,-0.5413926622548412,1.3294722219298345,-0.025262200377043215,0.7987906027563588,-0.47086620365636755,-0.031131135149025938,-0.3272192689780885,3.2889032793874824,1.8725602379086168,1.3200356691744517,-3.2790543911016186,3.0190227184261946,3.6221968726899654,3.426787477671253,-1.1640944765898917,-0.585053802432607,-0.7748312540126051,2.3789765446686184,2.9441111509893094,1.4141333039756565,-0.10136613087632348,0.24766296699466853,-0.8472890296903889,1.1890739482817927,2.2109445481059318,-0.7355159122870393,-2.6608560095972345,-0.2935024247274008,0.3468744347320193,-0.8602666047075715,-0.41263648326110386,-0.7428993185581018,-1.1832868810145505,1.0390405375487994,-0.8399611815497666,-0.07554250427695054,5
-0.4071945130490912,0.8413976938191613,-0.12693759451821712,0.1459577776198929,-1.1867330086518875,-1.1188782227201415,-2.217181491321088,-1.2877388808078836,-1.3175217564368287,-1.2298041346117028,-0.09170429173189708,-0.04037083650087838,0.1299171912159261,0.05450208039210199,-2.452992855849145,-0.3930057723960118,-0.21269001826380768,3.5664929361348165,-0.8183278262782059,-4.21058033026195,-0.4064878538294157,0.6673175722851615,1.9038734227140381,0.5645052447360587,-1.3386406939149038,-3.0486867583467445,-1.2013504980350487,2.764061804129612,-0.2509571667743198,-2.9753074804115722,-0.9774374610123648,2.146715660276143,-0.8921262086798073,-0.23931988028345735,-1.6053048509653354,-1.6648831761875351,-1.0945979470926883,1.4055288016664202,-0.814012574475098,-0.8236486165330507,-0.45176926502371,-1.7419759281202662,-0.30626385821106894,2.3415537526617354,-0.9059250040559973,-3.0165123870541137,-0.4405585091287102,0.3965461781657201,-0.8487838705063359,-0.9731884429946761,-1.19112686120634,0.13447748472731882,-0.3099861460021923,3.2348885596563495,0.3483130558329302,5
-1.019376456755775,1.7489295911707021,-0.02682539902596999,-0.4079238382413345,-1.1743423189242792,-1.0721519021205266,-2.224278846179549,-1.2499102546883132,-1.3206362498693003,-1.1999550342150747,-0.20543464357694574,-0.15899267440329767,0.12456941870251849,0.16479277152594982,0.7149763525656101,-0.32389579509419053,-1.1976730783159972,3.5465201705591,-1.1870208545250287,-4.228109870653246,-1.018009336459455,0.8424618307596146,0.2479849732424355,0.6833432261823652,-1.1843703666984418,-2.9930038375473886,-1.1803978111560103,2.787016599415704,-1.315959678727323,-2.6846353676470867,-1.0394708933149146,2.5850390201560396,-1.0774308442340401,-0.4958717243220581,-1.5207291543538082,-1.7618843111083982,-1.3929332844463682,1.599037013501231,-1.1996842904346565,-1.31883044458069,-1.4251800453186607,-2.3721929258487013,-0.6621048043755521,2.1557327281015377,-1.0391430943471525,-2.6465673902210027,-0.27878431047109914,2.1355176811368732,0.4911113821057707,2.566151170320966,1.6628819474878151,3.2510884229302217,0.23646555181352058,3.235586811553197,0.7661363310110133,5
-0.04082070436599351,-0.4211137784776775,-0.5588572506864985,-0.42744950222609074,-1.4044301677613689,-0.9426708135273543,-2.296850478518661,-1.156852374672498,-1.4438962865611775,-1.085759740208179,-0.535252663927586,-0.5109330517576863,0.15161090365091506,-0.44749022269850747,0.3893795172563153,-0.5170044014741279,-0.8808793744685587,3.689069533779929,-0.6013924184027842,-3.4123184186000612,0.3718491611306954,0.3665131256384687,0.8893023837416499,0.7272404382838202,-0.9400411621449927,-2.5966953519211806,-1.3556690103600832,2.4464929870335754,-0.7739028457929626,-2.5893184664693396,-0.9601893305036135,2.486713058800864,-1.2304505703596136,-0.3423166114300228,-1.6649574915897576,-1.3459969396264762,-1.077043656968385,1.3303099286550724,-0.46576153411382687,-0.7916041169484793,-1.3893672237359371,-1.3620945026827287,-1.2750850586852511,2.696379524929192,-1.3487579958986158,-2.2382378219478616,-1.134204109280064,1.0056880900782617,-0.7673714081563702,-0.2661700508532777,-0.8700152741663232,0.2825716126817189,-0.42628883902136977,1.9297339184979854,-0.1081990284664083,5
-1.0417142524948928,0.9827080989515735,-0.20827890929861348,-0.19830986911597673,-1.2894240948188338,-1.0928681916721368,-2.2240645233458842,-1.1827545715568735,-1.367696773514186,-1.195306057471575,-0.40365039964974425,-0.36908835107355775,0.1656727725330325,-0.014735635063598634,-0.41753437894497897,-0.4626493857782107,-0.13499337178266047,3.335299787076403,-0.4676598665079201,-3.6242433012161,0.07141455341525338,0.43471580341476185,0.8776212065772048,0.4707076835618423,-0.9728811030847538,-2.5114307081614817,-1.0412940387058616,2.8981663668581046,-1.3405981649999916,-2.331204735282236,0.08167284683530315,2.65764420212505,-1.1373499664744127,-0.3319930399632297,-1.3679111653321845,-1.0840116690915458,-0.9150778433361618,1.2998994575177703,-1.1625673994799608,-1.1375073342842785,-0.8064343590988878,-1.7199833062755214,-1.1528213616837795,2.35532037662364,-0.9920671997043977,-1.0445820836628565,0.308057157253867,3.48039198877251,-0.2705422585515585,2.9920890913886753,0.43199602402590637,2.411316713684664,-0.06734675501785078,0.4793135247595552,0.11724169424348717,5
-0.8644253660638647,1.2739127045232885,0.16502774781407817,-0.3654165696331499,-1.2030840975739536,-1.1260234234931628,-2.2240409590488848,-1.3136610803499442,-1.3424904919208793,-1.248060359145673,-0.24569157764273258,-0.20131737200436825,0.1390912469765745,0.3771705454868913,-0.41753437894497897,-0.20228241287221235,-1.07793164307104,3.5741709859092494,-1.07374170041465,-4.144187200429285,-1.0416405259083528,0.7587944218693452,-0.7101839737051009,0.5306886218343628,-1.3437158741391877,-2.791639902507991,-1.4863601705868854,2.7374488228961944,-1.1502141180624645,-2.867125974166816,-1.2730447153320819,2.615270298968034,-1.3926257877849901,-0.3771444045187389,-1.3360561105701882,-1.3866186621202266,-1.395835474017397,1.5701148419264475,-0.944648044063819,-1.1902018883541183,-1.2204869021208449,-1.4910124573650365,-0.9739442449910273,2.8823683969319185,-0.004182756805233152,-1.0888285659934687,2.054433494486805,3.19866061621085,0.8141194911823091,1.1080242282785377,0.555988254062021,0.4266022987160096,1.9879063472234875,1.045398388471223,1.8538422742928342,5
-0.908214383483178,1.51174095707625,-0.46881318541263123,-0.342802609404289,-1.527158460289916,-0.9809831128650782,-2.3652286837459346,-1.1344643041281914,-1.5565195363608004,-1.0954238372040461,-0.8890804252232923,-0.9016176227393696,0.11368247392422068,-0.24732804767090802,1.4810865532933601,-0.8285432736615518,-0.6294229575995638,3.4018277900210916,-1.0225239743881918,-2.7962026046033417,1.6115719769466794,0.46926333061414893,1.377981865896484,0.8363570569601821,-1.0188798956050864,-2.393664182476744,-0.565218233467343,2.8678301251621634,-0.789260738797304,-2.038245111685917,-0.587964920756392,2.426917404892456,-1.0819699403649776,-0.19853041556511145,-1.0331434753005737,-1.367428063868019,-1.0749656089486745,0.781935831566431,-0.7740581957219416,-0.5196083189822572,-1.041985934325895,-0.9470558537968787,-0.9242723652145206,3.4824970370335278,1.483899390267363,-0.6438604531530309,7.106397320798981,1.697970267011954,6.287535452284689,-0.6097486368394324,-0.32043776786510036,-1.1724937152049888,1.566557622045994,1.2039459557947414,3.5095909977477078,5
-1.4732454121756149,0.11185793488320986,-0.1972875968424431,-0.24043388502864765,-1.5858806608293412,-1.0540782210861046,-2.4373916051663587,-1.2021641748918281,-1.6256718481665218,-1.1673234747460925,-0.8271605669965437,-0.8322671606706313,0.12346211161684884,0.08629958627217968,-0.41753437894497897,-0.678231520762539,-0.9762035336728395,3.446703575736587,-0.9738565466441085,-2.4751760686102937,-0.09441555454230548,0.14210468432524775,0.7781162644971165,0.6067823663268692,-0.932763087583941,-2.5376882797553666,-1.0949674377718954,2.3183891008393416,-1.0602145817541024,-2.2736948389173923,-0.3728419338100473,2.2502373418725345,-1.2941200486726645,-0.017349005855058747,-1.4797788623385444,-0.8244213760409382,-1.3705643859079615,1.0728211749588994,-1.0922343808710362,0.002261642265273555,-1.0646297858323919,-0.951447717627488,-0.9279585240571051,2.6241444096975846,-0.9257216961721397,-1.4473546772822494,-0.562885387027986,0.3650151917946958,-0.9775007579998254,-1.4244756038060848,-0.7540257252070666,-0.4188849291912588,-0.762915836588534,1.7714808951102987,0.556187501557632,5
-0.28977822211536447,0.32529880714388665,-0.3338195584416275,-0.5118940640337782,-1.6868231857932532,-1.1153063929437887,-2.5343863563026274,-1.320626197140301,-1.7176813744851265,-1.2357368713237653,-0.9103823006482378,-0.925571982169255,0.17284542180883095,-0.2575343337463529,0.09479190435743004,-0.5012648736982735,-1.187487449094477,4.163253870201217,-1.4283659375767932,-2.8797113824125784,-0.6336448792127192,-0.31587131282672276,-1.0439034678858872,0.9072884877482125,-1.3543894158343204,-2.5461207747893626,-1.3232461706526413,2.556691783537053,-1.631114853069103,-2.1552859825824133,-1.3962418332671007,1.9052449047912658,-1.6959786153491472,0.15860138018585754,-1.7343531508478014,-0.9213518605949818,-1.4120940124053518,1.084748599462414,-1.4939171796664032,0.2275395813890962,-1.5001816507453012,-1.417731121240294,-1.496239212236042,2.482692299525349,-1.5249796099629696,-1.8835526572910632,-1.3779980196104176,0.24051454907665432,-1.2737685147941005,-0.7014734121920669,-1.1245423685161564,-0.7897005638569685,-1.1960477476972404,0.608177040641104,-0.9245515487773236,5
-0.7814795711393606,0.7909121465142421,-0.7903382786163315,0.40957781411501815,-1.1797894908541215,-1.1146031789773287,-2.124000193508343,-1.1556241347207858,-1.2575545608556842,-1.1931566297049774,-0.3274691163503627,-0.2878367974172423,-0.12101638137223084,-0.3335535100752691,-0.6416771278897831,-1.3728321593143287,3.945585110993007,1.9743450131318907,4.513006169392545,-2.753208122226546,4.017516017790339,-0.470963437981078,1.4573392998463275,0.09810696355008329,-0.10189343576192983,-2.759058221604951,0.3498760116314152,2.1373535271983317,-0.4612234727638486,-2.230257655228943,1.1476516322369408,1.8128327170300804,-1.556906437755934,0.035246473108663814,-0.7397143095460399,-0.6543498544090007,0.038277991207996444,0.8269792355861957,-1.4439530588826395,0.5084105309499785,-1.4539426773049013,-0.8166945128810976,-0.9558716380057657,2.1372515887220915,-0.7106966191122637,-1.3587402589396764,-0.46009864919740473,1.057958103600464,-1.091400583502461,-0.27610647251197706,-1.0247990444891961,-0.5059484366881862,1.0162949719572463,1.1900035463914884,2.2507678041170394,5
-1.527487824223771,-0.06122147139623983,-0.36640301467442454,0.12983007600602275,-1.2375753841109352,-1.068712006746891,-2.3311365788674485,-1.3060812794095293,-1.391108262282001,-1.22438958088377,-0.27944963446023097,-0.2369449458611624,-0.014691973638078134,-0.04781211434385523,-1.3781461601369962,-0.8589912409234824,0.8756984919693158,2.8662838182544204,1.3496836207854395,-3.896038988639577,1.065020715070393,-0.27183197678862586,1.4510005217755366,0.010831642616411835,0.024399220036903407,-2.991720283076984,-0.36944032000940147,2.706012073248529,-0.7405164061604016,-2.617141219350631,0.42709763493919306,1.863534218889492,-1.3514246275789152,0.21487172642004365,-1.2964288746043209,-1.0276081935691996,-0.556187197618149,0.6979465761784577,-0.8960670706155217,-0.34750108115441647,-0.9228885348023235,-0.9158590815958626,-0.9577967281165595,3.436247330357812,-0.04857178784905498,0.0024618223112579563,-0.2256283783769838,2.469588483048597,0.9185775748673011,-0.24396466489618093,-0.34016487886379554,-1.7996990850131809,-0.40799090765949025,0.059746458478868364,0.11602679931485346,5
-1.4856713245418132,1.201668570259325,-0.7427751131513962,0.6727877400990384,-1.0601996071372624,-1.1303681004346688,-2.0710272015896187,-1.0385839991945063,-1.1788212226432926,-1.193086357360051,-0.23955374913046001,-0.19485291706496713,-0.07375310072802349,-0.041054395898282144,-0.41753437894497897,-2.297653589156781,0.5187826316415962,0.18948232585146443,-1.1588502955588802,-1.7746052610245882,2.3804788211972614,-0.11095371917821209,1.9528497061226318,-0.1295466629454645,-0.1726951502463605,-2.3113320302510676,1.0722577989020077,1.8666289549945474,-1.057301801248204,-1.722897988919926,1.5670371690491691,2.5077933910342742,-1.1202731596391267,-0.3714555393673693,-0.6352791035075118,-1.0479368922849253,2.1944525277092195,-1.0391813994746422,0.4018325492699825,-1.4062626407533476,3.655394344487431,-0.31713964479047974,-0.6823171145800128,6.0189067233801445,2.9111626399081256,7.576176052725091,15.114180275822196,9.394379559498988,19.121735204277112,2.68458769550735,0.4533022538171369,-4.7181184821021045,3.797287459881609,-6.258060078725298,7.823557163986074,5
-2.656781249650642,-0.9450152397221154,0.371227191994611,-0.4059508464420518,-1.0871993315224855,-1.135826314944463,-2.2353598010602465,-1.2120681338485082,-1.2940574796447348,-1.2155444563961086,-0.4101492768980327,-0.37604891623369513,-0.02640625397885069,0.8794885275344562,-0.17301501645973807,-0.5701426965001698,1.7309914322165898,2.295279020969403,2.6026195360570483,-3.768481640203461,0.39153913196747603,0.45785208745911704,0.9279375566480861,0.006387147475196293,-1.241603097950702,-3.179848388841877,-1.4000226350387113,2.149902158859274,-0.7895940801001766,-2.914837200846366,0.34663755562167914,2.2742373506939,-1.5832345866980542,-0.8459283342230598,-1.3123083536953528,-2.1699910486286043,-1.1800960884620812,0.8394904713453083,3.2163377787922713,-0.5460692405085603,0.9013227648817552,-0.06996519373012047,-0.47518249445532157,4.688294066258832,2.8692391470417133,1.2699265564408109,34.279890559847985,4.149550083585826,25.109693314970073,-0.10958777501871635,1.9362324041753167,-2.372341877553897,4.495155784840863,-1.783211466707819,7.4610861150911045,5
-2.5574161250636442,-1.0497007451391998,0.7638443491173607,-0.759455682784788,-1.2839619279118226,-1.1382133396063394,-2.2954312968702397,-1.3217216056133227,-1.4171591522637745,-1.2630949364103188,-0.7601860264655707,-0.7577238045843002,0.0782914590337943,1.4081134391733001,0.09479190435743004,-0.112615739929362,-0.6718094169142917,3.410622877224656,-0.7959175735575743,-4.066134693117895,-0.8134022473569157,0.2785038555429247,-0.7449744690816162,0.40504467938162947,-1.4419060795088516,-2.885059195769189,-1.1654680121709966,2.4179104939242304,-1.4389982552288263,-3.2012582405245014,-1.4404529943427047,1.7270578283052247,-1.587615847855922,-1.0432589142100552,-1.725788445713489,-2.0013132278961834,-1.3970883794028237,2.020704460932778,-1.5454011596500807,1.1194884995117949,-0.4143846365855354,1.0789996496338858,-0.09137701142335528,3.8664207400933615,-1.1535850548867745,-2.8476711457694144,-1.1543078583539603,-0.6201354955131652,-1.1635493963258936,-2.300207996334086,-1.2751885257863884,-0.6206095805074594,-1.1313112613245213,0.9729921782867272,-1.2424450119224675,5
0.0934751825404705,2.7754122194695423,-0.9083717776529492,1.3353249244776175,-0.823936492103746,0.10978223436354098,-1.589774086748311,0.5218318647837257,-0.864943630279309,-0.1368924450505766,0.29931148937345986,0.3567542771706635,0.04937291821825631,-0.12148230921200164,0.09479190435743004,-2.290538745484556,12.062042608003907,0.2466779047124463,18.779626621716986,-1.2528780345449007,6.763573640688958,-1.104033531779903,0.939824998975256,0.5215160717997435,-1.1450526043814366,-1.871772337337841,0.7478824722137957,1.4326003667999787,-0.5874633158105352,-1.559996290357333,1.188277146608984,1.5462897111738694,-1.5605445169760217,-0.744660929409892,-1.8180881712945407,-0.3267336108382312,1.2732463724926457,0.45970398672469165,-0.46134393327703566,1.0198496866723343,-1.5930431224135237,0.1962384451011296,-1.498647805232813,2.316047698383078,-0.6354830134665289,-1.1636687723400336,-0.3870653605822944,0.3129299900498447,-1.3799275394809702,-0.8030273375511878,-1.1469058754891073,0.028547371985341873,-1.1899476157181752,0.8743778987759399,-1.3039994843896363,5
3.8716999953650038,0.741046952051612,-1.98977950850663,-0.8393063799943877,0.672767347298305,1.736189993851752,-0.8565114828747731,3.427582582698971,0.21187047898756656,1.237555020775743,4.226203663197728,3.425047556131117,0.21729703144226784,-1.0746131934589715,3.0406680333462828,-9.465028336320854,-0.9453504926742082,-2.6201150254284387,-0.6894306666139529,-0.16468558621043772,-0.9080872164260294,-2.407439963233531,-1.2037769679321149,0.41158359185827514,-1.2637709752155128,-0.8666762797631774,-0.7850021939385781,0.18562489421060027,-1.4734467380375171,-1.0865373208283653,-1.6517568733309622,1.0694637355004497,-1.9166066405772983,-1.1830192470218042,-1.8980825193279058,0.802878718250255,-1.6428000638087652,-0.8189824353208234,-1.4858589015151662,0.6755974551469388,-1.7438550628095424,-0.29595483325505756,-1.6314494879468435,0.7092589425630389,-1.7182415224766443,-0.0986280556895052,-1.6564292562274736,0.9090187444322124,-1.612579606837361,-0.4015146852136122,-1.617434753549965,0.6654524646148641,-1.6644229189527529,0.3916243510493336,-1.4378311132277097,5
